{
	"partitions" : [
		{
			"name" : "Top",
			"pins" : [
				{
					"name" : "menu",
					"strict" : false
				},
				{
					"name" : "led[9]",
					"strict" : false
				},
				{
					"name" : "led[8]",
					"strict" : false
				},
				{
					"name" : "led[7]",
					"strict" : false
				},
				{
					"name" : "led[6]",
					"strict" : false
				},
				{
					"name" : "led[5]",
					"strict" : false
				},
				{
					"name" : "led[4]",
					"strict" : false
				},
				{
					"name" : "led[3]",
					"strict" : false
				},
				{
					"name" : "led[2]",
					"strict" : false
				},
				{
					"name" : "led[1]",
					"strict" : false
				},
				{
					"name" : "led[0]",
					"strict" : false
				},
				{
					"name" : "en_espera",
					"strict" : false
				},
				{
					"name" : "error",
					"strict" : false
				},
				{
					"name" : "monto",
					"strict" : false
				},
				{
					"name" : "led_plato1",
					"strict" : false
				},
				{
					"name" : "led_plato2",
					"strict" : false
				},
				{
					"name" : "led_plato3",
					"strict" : false
				},
				{
					"name" : "Estados[3]",
					"strict" : false
				},
				{
					"name" : "Estados[2]",
					"strict" : false
				},
				{
					"name" : "Estados[1]",
					"strict" : false
				},
				{
					"name" : "Estados[0]",
					"strict" : false
				},
				{
					"name" : "segment2[6]",
					"strict" : false
				},
				{
					"name" : "segment2[5]",
					"strict" : false
				},
				{
					"name" : "segment2[4]",
					"strict" : false
				},
				{
					"name" : "segment2[3]",
					"strict" : false
				},
				{
					"name" : "segment2[2]",
					"strict" : false
				},
				{
					"name" : "segment2[1]",
					"strict" : false
				},
				{
					"name" : "segment2[0]",
					"strict" : false
				},
				{
					"name" : "segment3[6]",
					"strict" : false
				},
				{
					"name" : "segment3[5]",
					"strict" : false
				},
				{
					"name" : "segment3[4]",
					"strict" : false
				},
				{
					"name" : "segment3[3]",
					"strict" : false
				},
				{
					"name" : "segment3[2]",
					"strict" : false
				},
				{
					"name" : "segment3[1]",
					"strict" : false
				},
				{
					"name" : "segment3[0]",
					"strict" : false
				},
				{
					"name" : "segment4[6]",
					"strict" : false
				},
				{
					"name" : "segment4[3]",
					"strict" : false
				},
				{
					"name" : "segment4[2]",
					"strict" : false
				},
				{
					"name" : "segment4[1]",
					"strict" : false
				},
				{
					"name" : "segment5[6]",
					"strict" : false
				},
				{
					"name" : "segment5[5]",
					"strict" : false
				},
				{
					"name" : "segment5[4]",
					"strict" : false
				},
				{
					"name" : "segment5[3]",
					"strict" : false
				},
				{
					"name" : "segment5[2]",
					"strict" : false
				},
				{
					"name" : "segment5[1]",
					"strict" : false
				},
				{
					"name" : "segment5[0]",
					"strict" : false
				},
				{
					"name" : "segmento1[6]",
					"strict" : false
				},
				{
					"name" : "segmento1[5]",
					"strict" : false
				},
				{
					"name" : "segmento1[4]",
					"strict" : false
				},
				{
					"name" : "segmento1[3]",
					"strict" : false
				},
				{
					"name" : "segmento1[2]",
					"strict" : false
				},
				{
					"name" : "segmento1[1]",
					"strict" : false
				},
				{
					"name" : "segmento1[0]",
					"strict" : false
				},
				{
					"name" : "selec_clock",
					"strict" : false
				},
				{
					"name" : "clock",
					"strict" : false
				},
				{
					"name" : "plato1",
					"strict" : false
				},
				{
					"name" : "plato2",
					"strict" : false
				},
				{
					"name" : "plato3",
					"strict" : false
				},
				{
					"name" : "fin_orden",
					"strict" : false
				},
				{
					"name" : "borrar",
					"strict" : false
				},
				{
					"name" : "reset",
					"strict" : false
				},
				{
					"name" : "teclado[9]",
					"strict" : false
				},
				{
					"name" : "teclado[8]",
					"strict" : false
				},
				{
					"name" : "teclado[7]",
					"strict" : false
				},
				{
					"name" : "teclado[6]",
					"strict" : false
				},
				{
					"name" : "teclado[5]",
					"strict" : false
				},
				{
					"name" : "teclado[4]",
					"strict" : false
				},
				{
					"name" : "teclado[3]",
					"strict" : false
				},
				{
					"name" : "teclado[2]",
					"strict" : false
				},
				{
					"name" : "teclado[1]",
					"strict" : false
				},
				{
					"name" : "teclado[0]",
					"strict" : false
				},
				{
					"name" : "validar",
					"strict" : false
				},
				{
					"name" : "cuenta",
					"strict" : false
				},
				{
					"name" : "pedir_orden",
					"strict" : false
				},
				{
					"name" : "start",
					"strict" : false
				},
				{
					"name" : "clock_manual",
					"strict" : false
				}
			]
		}
	]
}